Workbook

Sheet Registre
A1: Registre de sécurité · vérifications des appareils de levage
A2: Une ligne par vérification : date, appareil, nature, vérificateur et rapport. Les observations et leurs suites se suivent dans le classeur « Suivi des réserves ».
A3: ="Situation au "&TEXT(TODAY(),"dd/mm/yyyy")
A4: N° | B4: Date de la vérification | C4: Équipement (repère) | D4: Type d’équipement | E4: Nature de la vérification | F4: Vérificateur (nom et qualité) | G4: Interne ou externe | H4: N° du rapport | I4: Date de remise du rapport | J4: Rapport annexé au registre | K4: Observations | L4: Résumé des observations | M4: Suites décidées | N4: Lieu d’archivage du rapport | O4: À vérifier
A5: 1 | O5: =IF(B5="","",IF(AND(G5="Externe",J5<>"Oui"),"Annexer le rapport",IF(AND(K5="Oui",M5=""),"Suites à décider","Complet")))
A6: 2 | O6: =IF(B6="","",IF(AND(G6="Externe",J6<>"Oui"),"Annexer le rapport",IF(AND(K6="Oui",M6=""),"Suites à décider","Complet")))
A7: 3 | O7: =IF(B7="","",IF(AND(G7="Externe",J7<>"Oui"),"Annexer le rapport",IF(AND(K7="Oui",M7=""),"Suites à décider","Complet")))
A8: 4 | O8: =IF(B8="","",IF(AND(G8="Externe",J8<>"Oui"),"Annexer le rapport",IF(AND(K8="Oui",M8=""),"Suites à décider","Complet")))
A9: 5 | O9: =IF(B9="","",IF(AND(G9="Externe",J9<>"Oui"),"Annexer le rapport",IF(AND(K9="Oui",M9=""),"Suites à décider","Complet")))
A10: 6 | O10: =IF(B10="","",IF(AND(G10="Externe",J10<>"Oui"),"Annexer le rapport",IF(AND(K10="Oui",M10=""),"Suites à décider","Complet")))
A11: 7 | O11: =IF(B11="","",IF(AND(G11="Externe",J11<>"Oui"),"Annexer le rapport",IF(AND(K11="Oui",M11=""),"Suites à décider","Complet")))
A12: 8 | O12: =IF(B12="","",IF(AND(G12="Externe",J12<>"Oui"),"Annexer le rapport",IF(AND(K12="Oui",M12=""),"Suites à décider","Complet")))
A13: 9 | O13: =IF(B13="","",IF(AND(G13="Externe",J13<>"Oui"),"Annexer le rapport",IF(AND(K13="Oui",M13=""),"Suites à décider","Complet")))
A14: 10 | O14: =IF(B14="","",IF(AND(G14="Externe",J14<>"Oui"),"Annexer le rapport",IF(AND(K14="Oui",M14=""),"Suites à décider","Complet")))
A15: 11 | O15: =IF(B15="","",IF(AND(G15="Externe",J15<>"Oui"),"Annexer le rapport",IF(AND(K15="Oui",M15=""),"Suites à décider","Complet")))
A16: 12 | O16: =IF(B16="","",IF(AND(G16="Externe",J16<>"Oui"),"Annexer le rapport",IF(AND(K16="Oui",M16=""),"Suites à décider","Complet")))
... A304: 300 | O304: =IF(B304="","",IF(AND(G304="Externe",J304<>"Oui"),"Annexer le rapport",IF(AND(K304="Oui",M304=""),"Suites à décider","Complet")))

Sheet Tableau de bord
A1: Tableau de bord · Registre
A2: ="Situation au "&TEXT(TODAY(),"dd/mm/yyyy")
A4: Vérifications enregistrées | B4: =COUNT('Registre'!$B$5:$B$304)
A5: Rapports externes à annexer | B5: =COUNTIF('Registre'!$O$5:$O$304,"Annexer le rapport")
A6: Observations sans suite décidée | B6: =COUNTIF('Registre'!$O$5:$O$304,"Suites à décider")
A7: Lignes complètes | B7: =COUNTIF('Registre'!$O$5:$O$304,"Complet")
A8: Dernière vérification | B8: =IF(COUNT('Registre'!$B$5:$B$304)=0,"Aucune",MAX('Registre'!$B$5:$B$304))
A10: Calculé depuis l’onglet « Registre ». L’onglet « Exemple » n’est pas compté.

Sheet Exemple
A1: Registre de sécurité · vérifications des appareils de levage
A2: Une ligne par vérification : date, appareil, nature, vérificateur et rapport. Les observations et leurs suites se suivent dans le classeur « Suivi des réserves ».
A3: ="Situation au "&TEXT(TODAY(),"dd/mm/yyyy")
A4: N° | B4: Date de la vérification | C4: Équipement (repère) | D4: Type d’équipement | E4: Nature de la vérification | F4: Vérificateur (nom et qualité) | G4: Interne ou externe | H4: N° du rapport | I4: Date de remise du rapport | J4: Rapport annexé au registre | K4: Observations | L4: Résumé des observations | M4: Suites décidées | N4: Lieu d’archivage du rapport | O4: À vérifier
A5: 1 | B5: =TODAY()-60 | C5: Chariot EXEMPLE quai 2 | D5: Chariot élévateur | E5: Périodique | F5: EXEMPLE Contrôle, personne qualifiée | G5: Externe | H5: R-0001 | I5: =TODAY()-58 | J5: Oui | K5: Non | N5: Classeur registre, atelier | O5: =IF(B5="","",IF(AND(G5="Externe",J5<>"Oui"),"Annexer le rapport",IF(AND(K5="Oui",M5=""),"Suites à décider","Complet")))
A6: 2 | B6: =TODAY()-20 | C6: Pont EXEMPLE atelier | D6: Pont roulant palan potence | E6: Périodique | F6: EXEMPLE Contrôle, personne qualifiée | G6: Externe | H6: R-0002 | I6: =TODAY()-18 | J6: Oui | K6: Oui | L6: Usure du câble de levage | M6: Remplacement planifié, voir suivi des réserves | N6: Classeur registre, atelier | O6: =IF(B6="","",IF(AND(G6="Externe",J6<>"Oui"),"Annexer le rapport",IF(AND(K6="Oui",M6=""),"Suites à décider","Complet")))
A7: 3 | B7: =TODAY()-5 | C7: Nacelle EXEMPLE | D7: Nacelle (PEMP) | E7: Remise en service | F7: Responsable maintenance, personne qualifiée interne | G7: Interne | H7: R-0003 | I7: =TODAY()-5 | J7: Non | K7: Oui | L7: Garde-corps de la plateforme à resserrer | N7: Dossier nacelle | O7: =IF(B7="","",IF(AND(G7="Externe",J7<>"Oui"),"Annexer le rapport",IF(AND(K7="Oui",M7=""),"Suites à décider","Complet")))
A8: 4 | O8: =IF(B8="","",IF(AND(G8="Externe",J8<>"Oui"),"Annexer le rapport",IF(AND(K8="Oui",M8=""),"Suites à décider","Complet")))
A9: 5 | O9: =IF(B9="","",IF(AND(G9="Externe",J9<>"Oui"),"Annexer le rapport",IF(AND(K9="Oui",M9=""),"Suites à décider","Complet")))
A10: 6 | O10: =IF(B10="","",IF(AND(G10="Externe",J10<>"Oui"),"Annexer le rapport",IF(AND(K10="Oui",M10=""),"Suites à décider","Complet")))
A11: 7 | O11: =IF(B11="","",IF(AND(G11="Externe",J11<>"Oui"),"Annexer le rapport",IF(AND(K11="Oui",M11=""),"Suites à décider","Complet")))
A12: 8 | O12: =IF(B12="","",IF(AND(G12="Externe",J12<>"Oui"),"Annexer le rapport",IF(AND(K12="Oui",M12=""),"Suites à décider","Complet")))
A13: 9 | O13: =IF(B13="","",IF(AND(G13="Externe",J13<>"Oui"),"Annexer le rapport",IF(AND(K13="Oui",M13=""),"Suites à décider","Complet")))
A14: 10 | O14: =IF(B14="","",IF(AND(G14="Externe",J14<>"Oui"),"Annexer le rapport",IF(AND(K14="Oui",M14=""),"Suites à décider","Complet")))
A15: 11 | O15: =IF(B15="","",IF(AND(G15="Externe",J15<>"Oui"),"Annexer le rapport",IF(AND(K15="Oui",M15=""),"Suites à décider","Complet")))
A16: 12 | O16: =IF(B16="","",IF(AND(G16="Externe",J16<>"Oui"),"Annexer le rapport",IF(AND(K16="Oui",M16=""),"Suites à décider","Complet")))
A17: 13 | O17: =IF(B17="","",IF(AND(G17="Externe",J17<>"Oui"),"Annexer le rapport",IF(AND(K17="Oui",M17=""),"Suites à décider","Complet")))
A18: 14 | O18: =IF(B18="","",IF(AND(G18="Externe",J18<>"Oui"),"Annexer le rapport",IF(AND(K18="Oui",M18=""),"Suites à décider","Complet")))
A19: 15 | O19: =IF(B19="","",IF(AND(G19="Externe",J19<>"Oui"),"Annexer le rapport",IF(AND(K19="Oui",M19=""),"Suites à décider","Complet")))
... A304: 300 | O304: =IF(B304="","",IF(AND(G304="Externe",J304<>"Oui"),"Annexer le rapport",IF(AND(K304="Oui",M304=""),"Suites à décider","Complet")))

Sheet Mode d’emploi
A1: Registre de sécurité · modele-vgp.fr
A2: 1. Une ligne par vérification : mise en service, périodique ou remise en service.
A3: 2. Indiquez le vérificateur, son nom et sa qualité, et s’il est interne ou externe à l’établissement.
A4: 3. Reportez la référence et la date de remise du rapport, et l’endroit où il est archivé.
A5: 4. La colonne « À vérifier » vous signale un rapport externe à annexer ou des observations sans suite décidée.
A7: Bon à savoir
A8: Le Code du travail prévoit que les résultats des vérifications sont consignés au registre de sécurité, et que le rapport d’un vérificateur externe y est annexé (art. R4323-25 et R4323-26).
A9: Textes et explications : la page du modèle sur le site.
A10: https://modele-vgp.fr/modeles/registre-securite-vgp/
A12: Votre parc grandit ?
A13: Au-delà d’une vingtaine d’équipements ou de plusieurs sites, un logiciel envoie les rappels, archive les rapports et partage le suivi. Comparez-les selon votre profil :
A14: https://modele-vgp.fr/logiciels-vgp/
... A17: https://modele-vgp.fr/devis/
