Workbook

Sheet Réserves
A1: Suivi des observations et levée des réserves
A2: Une ligne par observation du rapport : action, responsable, échéance, puis date de levée et preuve. Le statut se calcule seul.
A3: ="Situation au "&TEXT(TODAY(),"dd/mm/yyyy")
A4: N° | B4: Date du rapport | C4: N° du rapport | D4: Équipement (repère) | E4: Observation (texte du rapport) | F4: Niveau | G4: Action corrective | H4: Responsable | I4: Échéance | J4: Intervenant | K4: Date de levée | L4: Preuve de levée | M4: Jours avant échéance | N4: Statut
A5: 1 | M5: =IF(OR(I5="",K5<>""),"",I5-TODAY()) | N5: =IF(E5="","",IF(K5<>"",IF(L5="","Preuve à joindre","Levée"),IF(I5="","À planifier",IF(M5<0,"En retard","En cours"))))
A6: 2 | M6: =IF(OR(I6="",K6<>""),"",I6-TODAY()) | N6: =IF(E6="","",IF(K6<>"",IF(L6="","Preuve à joindre","Levée"),IF(I6="","À planifier",IF(M6<0,"En retard","En cours"))))
A7: 3 | M7: =IF(OR(I7="",K7<>""),"",I7-TODAY()) | N7: =IF(E7="","",IF(K7<>"",IF(L7="","Preuve à joindre","Levée"),IF(I7="","À planifier",IF(M7<0,"En retard","En cours"))))
A8: 4 | M8: =IF(OR(I8="",K8<>""),"",I8-TODAY()) | N8: =IF(E8="","",IF(K8<>"",IF(L8="","Preuve à joindre","Levée"),IF(I8="","À planifier",IF(M8<0,"En retard","En cours"))))
A9: 5 | M9: =IF(OR(I9="",K9<>""),"",I9-TODAY()) | N9: =IF(E9="","",IF(K9<>"",IF(L9="","Preuve à joindre","Levée"),IF(I9="","À planifier",IF(M9<0,"En retard","En cours"))))
A10: 6 | M10: =IF(OR(I10="",K10<>""),"",I10-TODAY()) | N10: =IF(E10="","",IF(K10<>"",IF(L10="","Preuve à joindre","Levée"),IF(I10="","À planifier",IF(M10<0,"En retard","En cours"))))
A11: 7 | M11: =IF(OR(I11="",K11<>""),"",I11-TODAY()) | N11: =IF(E11="","",IF(K11<>"",IF(L11="","Preuve à joindre","Levée"),IF(I11="","À planifier",IF(M11<0,"En retard","En cours"))))
A12: 8 | M12: =IF(OR(I12="",K12<>""),"",I12-TODAY()) | N12: =IF(E12="","",IF(K12<>"",IF(L12="","Preuve à joindre","Levée"),IF(I12="","À planifier",IF(M12<0,"En retard","En cours"))))
A13: 9 | M13: =IF(OR(I13="",K13<>""),"",I13-TODAY()) | N13: =IF(E13="","",IF(K13<>"",IF(L13="","Preuve à joindre","Levée"),IF(I13="","À planifier",IF(M13<0,"En retard","En cours"))))
A14: 10 | M14: =IF(OR(I14="",K14<>""),"",I14-TODAY()) | N14: =IF(E14="","",IF(K14<>"",IF(L14="","Preuve à joindre","Levée"),IF(I14="","À planifier",IF(M14<0,"En retard","En cours"))))
A15: 11 | M15: =IF(OR(I15="",K15<>""),"",I15-TODAY()) | N15: =IF(E15="","",IF(K15<>"",IF(L15="","Preuve à joindre","Levée"),IF(I15="","À planifier",IF(M15<0,"En retard","En cours"))))
A16: 12 | M16: =IF(OR(I16="",K16<>""),"",I16-TODAY()) | N16: =IF(E16="","",IF(K16<>"",IF(L16="","Preuve à joindre","Levée"),IF(I16="","À planifier",IF(M16<0,"En retard","En cours"))))
... A304: 300 | M304: =IF(OR(I304="",K304<>""),"",I304-TODAY()) | N304: =IF(E304="","",IF(K304<>"",IF(L304="","Preuve à joindre","Levée"),IF(I304="","À planifier",IF(M304<0,"En retard","En cours"))))

Sheet Tableau de bord
A1: Tableau de bord · Réserves
A2: ="Situation au "&TEXT(TODAY(),"dd/mm/yyyy")
A4: Observations suivies | B4: =COUNTA('Réserves'!$E$5:$E$304)
A5: En retard | B5: =COUNTIF('Réserves'!$N$5:$N$304,"En retard")
A6: En cours | B6: =COUNTIF('Réserves'!$N$5:$N$304,"En cours")
A7: À planifier (sans échéance) | B7: =COUNTIF('Réserves'!$N$5:$N$304,"À planifier")
A8: Levées, preuve à joindre | B8: =COUNTIF('Réserves'!$N$5:$N$304,"Preuve à joindre")
A9: Levées avec preuve | B9: =COUNTIF('Réserves'!$N$5:$N$304,"Levée")
A11: Calculé depuis l’onglet « Réserves ». L’onglet « Exemple » n’est pas compté.

Sheet Exemple
A1: Suivi des observations et levée des réserves
A2: Une ligne par observation du rapport : action, responsable, échéance, puis date de levée et preuve. Le statut se calcule seul.
A3: ="Situation au "&TEXT(TODAY(),"dd/mm/yyyy")
A4: N° | B4: Date du rapport | C4: N° du rapport | D4: Équipement (repère) | E4: Observation (texte du rapport) | F4: Niveau | G4: Action corrective | H4: Responsable | I4: Échéance | J4: Intervenant | K4: Date de levée | L4: Preuve de levée | M4: Jours avant échéance | N4: Statut
A5: 1 | B5: =TODAY()-18 | C5: R-0002 | D5: Pont EXEMPLE atelier | E5: Usure du câble de levage | F5: Immédiat | G5: Remplacement du câble | H5: Responsable maintenance | I5: =TODAY()-4 | J5: Prestataire EXEMPLE | K5: =TODAY()-6 | L5: Facture et photo jointes au rapport | M5: =IF(OR(I5="",K5<>""),"",I5-TODAY()) | N5: =IF(E5="","",IF(K5<>"",IF(L5="","Preuve à joindre","Levée"),IF(I5="","À planifier",IF(M5<0,"En retard","En cours"))))
A6: 2 | B6: =TODAY()-18 | C6: R-0002 | D6: Pont EXEMPLE atelier | E6: Fin de course haut à régler | F6: Planifié | G6: Réglage du fin de course | H6: Responsable maintenance | I6: =TODAY()+12 | M6: =IF(OR(I6="",K6<>""),"",I6-TODAY()) | N6: =IF(E6="","",IF(K6<>"",IF(L6="","Preuve à joindre","Levée"),IF(I6="","À planifier",IF(M6<0,"En retard","En cours"))))
A7: 3 | B7: =TODAY()-40 | C7: R-0001 | D7: Chariot EXEMPLE quai 2 | E7: Fuite légère sur vérin de levée | F7: Planifié | G7: Changement du joint | H7: Chef d’atelier | I7: =TODAY()-10 | M7: =IF(OR(I7="",K7<>""),"",I7-TODAY()) | N7: =IF(E7="","",IF(K7<>"",IF(L7="","Preuve à joindre","Levée"),IF(I7="","À planifier",IF(M7<0,"En retard","En cours"))))
A8: 4 | M8: =IF(OR(I8="",K8<>""),"",I8-TODAY()) | N8: =IF(E8="","",IF(K8<>"",IF(L8="","Preuve à joindre","Levée"),IF(I8="","À planifier",IF(M8<0,"En retard","En cours"))))
A9: 5 | M9: =IF(OR(I9="",K9<>""),"",I9-TODAY()) | N9: =IF(E9="","",IF(K9<>"",IF(L9="","Preuve à joindre","Levée"),IF(I9="","À planifier",IF(M9<0,"En retard","En cours"))))
A10: 6 | M10: =IF(OR(I10="",K10<>""),"",I10-TODAY()) | N10: =IF(E10="","",IF(K10<>"",IF(L10="","Preuve à joindre","Levée"),IF(I10="","À planifier",IF(M10<0,"En retard","En cours"))))
A11: 7 | M11: =IF(OR(I11="",K11<>""),"",I11-TODAY()) | N11: =IF(E11="","",IF(K11<>"",IF(L11="","Preuve à joindre","Levée"),IF(I11="","À planifier",IF(M11<0,"En retard","En cours"))))
A12: 8 | M12: =IF(OR(I12="",K12<>""),"",I12-TODAY()) | N12: =IF(E12="","",IF(K12<>"",IF(L12="","Preuve à joindre","Levée"),IF(I12="","À planifier",IF(M12<0,"En retard","En cours"))))
A13: 9 | M13: =IF(OR(I13="",K13<>""),"",I13-TODAY()) | N13: =IF(E13="","",IF(K13<>"",IF(L13="","Preuve à joindre","Levée"),IF(I13="","À planifier",IF(M13<0,"En retard","En cours"))))
A14: 10 | M14: =IF(OR(I14="",K14<>""),"",I14-TODAY()) | N14: =IF(E14="","",IF(K14<>"",IF(L14="","Preuve à joindre","Levée"),IF(I14="","À planifier",IF(M14<0,"En retard","En cours"))))
A15: 11 | M15: =IF(OR(I15="",K15<>""),"",I15-TODAY()) | N15: =IF(E15="","",IF(K15<>"",IF(L15="","Preuve à joindre","Levée"),IF(I15="","À planifier",IF(M15<0,"En retard","En cours"))))
A16: 12 | M16: =IF(OR(I16="",K16<>""),"",I16-TODAY()) | N16: =IF(E16="","",IF(K16<>"",IF(L16="","Preuve à joindre","Levée"),IF(I16="","À planifier",IF(M16<0,"En retard","En cours"))))
A17: 13 | M17: =IF(OR(I17="",K17<>""),"",I17-TODAY()) | N17: =IF(E17="","",IF(K17<>"",IF(L17="","Preuve à joindre","Levée"),IF(I17="","À planifier",IF(M17<0,"En retard","En cours"))))
A18: 14 | M18: =IF(OR(I18="",K18<>""),"",I18-TODAY()) | N18: =IF(E18="","",IF(K18<>"",IF(L18="","Preuve à joindre","Levée"),IF(I18="","À planifier",IF(M18<0,"En retard","En cours"))))
A19: 15 | M19: =IF(OR(I19="",K19<>""),"",I19-TODAY()) | N19: =IF(E19="","",IF(K19<>"",IF(L19="","Preuve à joindre","Levée"),IF(I19="","À planifier",IF(M19<0,"En retard","En cours"))))
... A304: 300 | M304: =IF(OR(I304="",K304<>""),"",I304-TODAY()) | N304: =IF(E304="","",IF(K304<>"",IF(L304="","Preuve à joindre","Levée"),IF(I304="","À planifier",IF(M304<0,"En retard","En cours"))))

Sheet Mode d’emploi
A1: Suivi des observations et levée des réserves · modele-vgp.fr
A2: 1. Recopiez chaque observation du rapport telle qu’elle est écrite, avec la date et le numéro du rapport.
A3: 2. Fixez le niveau (immédiat, planifié, à surveiller), l’action corrective, le responsable et l’échéance.
A4: 3. Une fois l’action faite, saisissez la date de levée et la preuve (bon d’intervention, facture, photo).
A5: 4. Le statut se met à jour seul : En cours, En retard, Preuve à joindre, Levée. Filtrez-le pour préparer la prochaine VGP.
A7: Bon à savoir
A8: L’INRS rappelle que l’employeur agit sur toutes les observations signalées dans les rapports, provisoires ou non (ED 6339, question 12) : ce tableau en garde la trace, observation par observation.
A9: Trames imprimables et sources sur le site :
A10: https://modele-vgp.fr/modeles/fiche-levee-reserves/
A12: Votre parc grandit ?
A13: Au-delà d’une vingtaine d’équipements ou de plusieurs sites, un logiciel envoie les rappels, archive les rapports et partage le suivi. Comparez-les selon votre profil :
A14: https://modele-vgp.fr/logiciels-vgp/
... A17: https://modele-vgp.fr/devis/
