Workbook

Sheet Suivi VGP
A1: Tableau de suivi des VGP
A2: Saisissez le repère, le type et la date de la dernière VGP : la périodicité, l’échéance et le statut se calculent seuls. Mode d’emploi dans l’onglet dédié.
A3: ="Situation au "&TEXT(TODAY(),"dd/mm/yyyy")
A4: N° | B4: Équipement (repère) | C4: Type d’équipement | D4: N° de série | E4: Site / emplacement | F4: Dernière VGP | G4: Périodicité indicative | H4: Périodicité retenue (mois) | I4: Prochaine échéance | J4: Jours restants | K4: Statut | L4: Vérificateur / organisme | M4: N° du rapport | N4: Réserves à lever | O4: Observations
A5: 1 | G5: =IF(C5="","",IFERROR(VLOOKUP(C5,'Périodicités'!$A:$B,2,FALSE),"")) | I5: =IF(OR(F5="",NOT(ISNUMBER(IF(H5<>"",H5,IFERROR(VLOOKUP(C5,'Périodicités'!$A:$C,3,FALSE),""))))),"",EDATE(F5,IF(H5<>"",H5,IFERROR(VLOOKUP(C5,'Périodicités'!$A:$C,3,FALSE),"")))) | J5: =IF(I5="","",I5-TODAY()) | K5: =IF(B5&C5="","",IF(F5="","Date à saisir",IF(I5="","Périodicité à confirmer",IF(J5<0,"En retard",IF(J5<=30,"À planifier","À jour")))))
A6: 2 | G6: =IF(C6="","",IFERROR(VLOOKUP(C6,'Périodicités'!$A:$B,2,FALSE),"")) | I6: =IF(OR(F6="",NOT(ISNUMBER(IF(H6<>"",H6,IFERROR(VLOOKUP(C6,'Périodicités'!$A:$C,3,FALSE),""))))),"",EDATE(F6,IF(H6<>"",H6,IFERROR(VLOOKUP(C6,'Périodicités'!$A:$C,3,FALSE),"")))) | J6: =IF(I6="","",I6-TODAY()) | K6: =IF(B6&C6="","",IF(F6="","Date à saisir",IF(I6="","Périodicité à confirmer",IF(J6<0,"En retard",IF(J6<=30,"À planifier","À jour")))))
A7: 3 | G7: =IF(C7="","",IFERROR(VLOOKUP(C7,'Périodicités'!$A:$B,2,FALSE),"")) | I7: =IF(OR(F7="",NOT(ISNUMBER(IF(H7<>"",H7,IFERROR(VLOOKUP(C7,'Périodicités'!$A:$C,3,FALSE),""))))),"",EDATE(F7,IF(H7<>"",H7,IFERROR(VLOOKUP(C7,'Périodicités'!$A:$C,3,FALSE),"")))) | J7: =IF(I7="","",I7-TODAY()) | K7: =IF(B7&C7="","",IF(F7="","Date à saisir",IF(I7="","Périodicité à confirmer",IF(J7<0,"En retard",IF(J7<=30,"À planifier","À jour")))))
A8: 4 | G8: =IF(C8="","",IFERROR(VLOOKUP(C8,'Périodicités'!$A:$B,2,FALSE),"")) | I8: =IF(OR(F8="",NOT(ISNUMBER(IF(H8<>"",H8,IFERROR(VLOOKUP(C8,'Périodicités'!$A:$C,3,FALSE),""))))),"",EDATE(F8,IF(H8<>"",H8,IFERROR(VLOOKUP(C8,'Périodicités'!$A:$C,3,FALSE),"")))) | J8: =IF(I8="","",I8-TODAY()) | K8: =IF(B8&C8="","",IF(F8="","Date à saisir",IF(I8="","Périodicité à confirmer",IF(J8<0,"En retard",IF(J8<=30,"À planifier","À jour")))))
A9: 5 | G9: =IF(C9="","",IFERROR(VLOOKUP(C9,'Périodicités'!$A:$B,2,FALSE),"")) | I9: =IF(OR(F9="",NOT(ISNUMBER(IF(H9<>"",H9,IFERROR(VLOOKUP(C9,'Périodicités'!$A:$C,3,FALSE),""))))),"",EDATE(F9,IF(H9<>"",H9,IFERROR(VLOOKUP(C9,'Périodicités'!$A:$C,3,FALSE),"")))) | J9: =IF(I9="","",I9-TODAY()) | K9: =IF(B9&C9="","",IF(F9="","Date à saisir",IF(I9="","Périodicité à confirmer",IF(J9<0,"En retard",IF(J9<=30,"À planifier","À jour")))))
A10: 6 | G10: =IF(C10="","",IFERROR(VLOOKUP(C10,'Périodicités'!$A:$B,2,FALSE),"")) | I10: =IF(OR(F10="",NOT(ISNUMBER(IF(H10<>"",H10,IFERROR(VLOOKUP(C10,'Périodicités'!$A:$C,3,FALSE),""))))),"",EDATE(F10,IF(H10<>"",H10,IFERROR(VLOOKUP(C10,'Périodicités'!$A:$C,3,FALSE),"")))) | J10: =IF(I10="","",I10-TODAY()) | K10: =IF(B10&C10="","",IF(F10="","Date à saisir",IF(I10="","Périodicité à confirmer",IF(J10<0,"En retard",IF(J10<=30,"À planifier","À jour")))))
A11: 7 | G11: =IF(C11="","",IFERROR(VLOOKUP(C11,'Périodicités'!$A:$B,2,FALSE),"")) | I11: =IF(OR(F11="",NOT(ISNUMBER(IF(H11<>"",H11,IFERROR(VLOOKUP(C11,'Périodicités'!$A:$C,3,FALSE),""))))),"",EDATE(F11,IF(H11<>"",H11,IFERROR(VLOOKUP(C11,'Périodicités'!$A:$C,3,FALSE),"")))) | J11: =IF(I11="","",I11-TODAY()) | K11: =IF(B11&C11="","",IF(F11="","Date à saisir",IF(I11="","Périodicité à confirmer",IF(J11<0,"En retard",IF(J11<=30,"À planifier","À jour")))))
A12: 8 | G12: =IF(C12="","",IFERROR(VLOOKUP(C12,'Périodicités'!$A:$B,2,FALSE),"")) | I12: =IF(OR(F12="",NOT(ISNUMBER(IF(H12<>"",H12,IFERROR(VLOOKUP(C12,'Périodicités'!$A:$C,3,FALSE),""))))),"",EDATE(F12,IF(H12<>"",H12,IFERROR(VLOOKUP(C12,'Périodicités'!$A:$C,3,FALSE),"")))) | J12: =IF(I12="","",I12-TODAY()) | K12: =IF(B12&C12="","",IF(F12="","Date à saisir",IF(I12="","Périodicité à confirmer",IF(J12<0,"En retard",IF(J12<=30,"À planifier","À jour")))))
A13: 9 | G13: =IF(C13="","",IFERROR(VLOOKUP(C13,'Périodicités'!$A:$B,2,FALSE),"")) | I13: =IF(OR(F13="",NOT(ISNUMBER(IF(H13<>"",H13,IFERROR(VLOOKUP(C13,'Périodicités'!$A:$C,3,FALSE),""))))),"",EDATE(F13,IF(H13<>"",H13,IFERROR(VLOOKUP(C13,'Périodicités'!$A:$C,3,FALSE),"")))) | J13: =IF(I13="","",I13-TODAY()) | K13: =IF(B13&C13="","",IF(F13="","Date à saisir",IF(I13="","Périodicité à confirmer",IF(J13<0,"En retard",IF(J13<=30,"À planifier","À jour")))))
A14: 10 | G14: =IF(C14="","",IFERROR(VLOOKUP(C14,'Périodicités'!$A:$B,2,FALSE),"")) | I14: =IF(OR(F14="",NOT(ISNUMBER(IF(H14<>"",H14,IFERROR(VLOOKUP(C14,'Périodicités'!$A:$C,3,FALSE),""))))),"",EDATE(F14,IF(H14<>"",H14,IFERROR(VLOOKUP(C14,'Périodicités'!$A:$C,3,FALSE),"")))) | J14: =IF(I14="","",I14-TODAY()) | K14: =IF(B14&C14="","",IF(F14="","Date à saisir",IF(I14="","Périodicité à confirmer",IF(J14<0,"En retard",IF(J14<=30,"À planifier","À jour")))))
A15: 11 | G15: =IF(C15="","",IFERROR(VLOOKUP(C15,'Périodicités'!$A:$B,2,FALSE),"")) | I15: =IF(OR(F15="",NOT(ISNUMBER(IF(H15<>"",H15,IFERROR(VLOOKUP(C15,'Périodicités'!$A:$C,3,FALSE),""))))),"",EDATE(F15,IF(H15<>"",H15,IFERROR(VLOOKUP(C15,'Périodicités'!$A:$C,3,FALSE),"")))) | J15: =IF(I15="","",I15-TODAY()) | K15: =IF(B15&C15="","",IF(F15="","Date à saisir",IF(I15="","Périodicité à confirmer",IF(J15<0,"En retard",IF(J15<=30,"À planifier","À jour")))))
A16: 12 | G16: =IF(C16="","",IFERROR(VLOOKUP(C16,'Périodicités'!$A:$B,2,FALSE),"")) | I16: =IF(OR(F16="",NOT(ISNUMBER(IF(H16<>"",H16,IFERROR(VLOOKUP(C16,'Périodicités'!$A:$C,3,FALSE),""))))),"",EDATE(F16,IF(H16<>"",H16,IFERROR(VLOOKUP(C16,'Périodicités'!$A:$C,3,FALSE),"")))) | J16: =IF(I16="","",I16-TODAY()) | K16: =IF(B16&C16="","",IF(F16="","Date à saisir",IF(I16="","Périodicité à confirmer",IF(J16<0,"En retard",IF(J16<=30,"À planifier","À jour")))))
... A204: 200 | G204: =IF(C204="","",IFERROR(VLOOKUP(C204,'Périodicités'!$A:$B,2,FALSE),"")) | I204: =IF(OR(F204="",NOT(ISNUMBER(IF(H204<>"",H204,IFERROR(VLOOKUP(C204,'Périodicités'!$A:$C,3,FALSE),""))))),"",EDATE(F204,IF(H204<>"",H204,IFERROR(VLOOKUP(C204,'Périodicités'!$A:$C,3,FALSE),"")))) | J204: =IF(I204="","",I204-TODAY()) | K204: =IF(B204&C204="","",IF(F204="","Date à saisir",IF(I204="","Périodicité à confirmer",IF(J204<0,"En retard",IF(J204<=30,"À planifier","À jour")))))

Sheet Tableau de bord
A1: Tableau de bord des VGP
A2: ="Situation au "&TEXT(TODAY(),"dd/mm/yyyy")
A4: Équipements suivis | B4: =ROWS('Suivi VGP'!$K$5:$K$204)-COUNTIF('Suivi VGP'!$K$5:$K$204,"")
A5: En retard | B5: =COUNTIF('Suivi VGP'!$K$5:$K$204,"En retard")
A6: À planifier dans les 30 jours | B6: =COUNTIF('Suivi VGP'!$K$5:$K$204,"À planifier")
A7: À jour | B7: =COUNTIF('Suivi VGP'!$K$5:$K$204,"À jour")
A8: Lignes à compléter (date ou périodicité) | B8: =COUNTIF('Suivi VGP'!$K$5:$K$204,"Date à saisir")+COUNTIF('Suivi VGP'!$K$5:$K$204,"Périodicité à confirmer")
A9: Équipements avec réserves à lever | B9: =COUNTIF('Suivi VGP'!$N$5:$N$204,"Oui")
A10: Prochaine échéance | B10: =IFERROR(SMALL('Suivi VGP'!$I$5:$I$204,COUNTIF('Suivi VGP'!$I$5:$I$204,"<"&TODAY())+1),"Aucune")
A11: Équipement concerné | B11: =IFERROR(INDEX('Suivi VGP'!$B$5:$B$204,MATCH(SMALL('Suivi VGP'!$I$5:$I$204,COUNTIF('Suivi VGP'!$I$5:$I$204,"<"&TODAY())+1),'Suivi VGP'!$I$5:$I$204,0)),"")
A13: Calculé depuis l’onglet « Suivi VGP ». L’onglet « Exemple » n’est pas compté.

Sheet Exemple
A1: Tableau de suivi des VGP
A2: Saisissez le repère, le type et la date de la dernière VGP : la périodicité, l’échéance et le statut se calculent seuls. Mode d’emploi dans l’onglet dédié.
A3: ="Situation au "&TEXT(TODAY(),"dd/mm/yyyy")
A4: N° | B4: Équipement (repère) | C4: Type d’équipement | D4: N° de série | E4: Site / emplacement | F4: Dernière VGP | G4: Périodicité indicative | H4: Périodicité retenue (mois) | I4: Prochaine échéance | J4: Jours restants | K4: Statut | L4: Vérificateur / organisme | M4: N° du rapport | N4: Réserves à lever | O4: Observations
A5: 1 | B5: Chariot EXEMPLE quai 2 | C5: Chariot élévateur | D5: SN-000001 | E5: Entrepôt A | F5: =TODAY()-60 | G5: =IF(C5="","",IFERROR(VLOOKUP(C5,'Périodicités'!$A:$B,2,FALSE),"")) | I5: =IF(OR(F5="",NOT(ISNUMBER(IF(H5<>"",H5,IFERROR(VLOOKUP(C5,'Périodicités'!$A:$C,3,FALSE),""))))),"",EDATE(F5,IF(H5<>"",H5,IFERROR(VLOOKUP(C5,'Périodicités'!$A:$C,3,FALSE),"")))) | J5: =IF(I5="","",I5-TODAY()) | K5: =IF(B5&C5="","",IF(F5="","Date à saisir",IF(I5="","Périodicité à confirmer",IF(J5<0,"En retard",IF(J5<=30,"À planifier","À jour"))))) | L5: Organisme EXEMPLE | M5: R-0001 | N5: Non | O5: Aucune observation
A6: 2 | B6: Pont EXEMPLE atelier | C6: Pont roulant, palan, potence | D6: SN-000002 | E6: Atelier | F6: =TODAY()-345 | G6: =IF(C6="","",IFERROR(VLOOKUP(C6,'Périodicités'!$A:$B,2,FALSE),"")) | I6: =IF(OR(F6="",NOT(ISNUMBER(IF(H6<>"",H6,IFERROR(VLOOKUP(C6,'Périodicités'!$A:$C,3,FALSE),""))))),"",EDATE(F6,IF(H6<>"",H6,IFERROR(VLOOKUP(C6,'Périodicités'!$A:$C,3,FALSE),"")))) | J6: =IF(I6="","",I6-TODAY()) | K6: =IF(B6&C6="","",IF(F6="","Date à saisir",IF(I6="","Périodicité à confirmer",IF(J6<0,"En retard",IF(J6<=30,"À planifier","À jour"))))) | L6: Organisme EXEMPLE | M6: R-0002 | N6: Oui | O6: Usure du câble à surveiller
A7: 3 | B7: Nacelle EXEMPLE | C7: Nacelle (PEMP) | D7: SN-000003 | E7: Chantier B | F7: =TODAY()-200 | G7: =IF(C7="","",IFERROR(VLOOKUP(C7,'Périodicités'!$A:$B,2,FALSE),"")) | I7: =IF(OR(F7="",NOT(ISNUMBER(IF(H7<>"",H7,IFERROR(VLOOKUP(C7,'Périodicités'!$A:$C,3,FALSE),""))))),"",EDATE(F7,IF(H7<>"",H7,IFERROR(VLOOKUP(C7,'Périodicités'!$A:$C,3,FALSE),"")))) | J7: =IF(I7="","",I7-TODAY()) | K7: =IF(B7&C7="","",IF(F7="","Date à saisir",IF(I7="","Périodicité à confirmer",IF(J7<0,"En retard",IF(J7<=30,"À planifier","À jour"))))) | L7: Organisme EXEMPLE | M7: R-0003 | N7: Non
A8: 4 | G8: =IF(C8="","",IFERROR(VLOOKUP(C8,'Périodicités'!$A:$B,2,FALSE),"")) | I8: =IF(OR(F8="",NOT(ISNUMBER(IF(H8<>"",H8,IFERROR(VLOOKUP(C8,'Périodicités'!$A:$C,3,FALSE),""))))),"",EDATE(F8,IF(H8<>"",H8,IFERROR(VLOOKUP(C8,'Périodicités'!$A:$C,3,FALSE),"")))) | J8: =IF(I8="","",I8-TODAY()) | K8: =IF(B8&C8="","",IF(F8="","Date à saisir",IF(I8="","Périodicité à confirmer",IF(J8<0,"En retard",IF(J8<=30,"À planifier","À jour")))))
A9: 5 | G9: =IF(C9="","",IFERROR(VLOOKUP(C9,'Périodicités'!$A:$B,2,FALSE),"")) | I9: =IF(OR(F9="",NOT(ISNUMBER(IF(H9<>"",H9,IFERROR(VLOOKUP(C9,'Périodicités'!$A:$C,3,FALSE),""))))),"",EDATE(F9,IF(H9<>"",H9,IFERROR(VLOOKUP(C9,'Périodicités'!$A:$C,3,FALSE),"")))) | J9: =IF(I9="","",I9-TODAY()) | K9: =IF(B9&C9="","",IF(F9="","Date à saisir",IF(I9="","Périodicité à confirmer",IF(J9<0,"En retard",IF(J9<=30,"À planifier","À jour")))))
A10: 6 | G10: =IF(C10="","",IFERROR(VLOOKUP(C10,'Périodicités'!$A:$B,2,FALSE),"")) | I10: =IF(OR(F10="",NOT(ISNUMBER(IF(H10<>"",H10,IFERROR(VLOOKUP(C10,'Périodicités'!$A:$C,3,FALSE),""))))),"",EDATE(F10,IF(H10<>"",H10,IFERROR(VLOOKUP(C10,'Périodicités'!$A:$C,3,FALSE),"")))) | J10: =IF(I10="","",I10-TODAY()) | K10: =IF(B10&C10="","",IF(F10="","Date à saisir",IF(I10="","Périodicité à confirmer",IF(J10<0,"En retard",IF(J10<=30,"À planifier","À jour")))))
A11: 7 | G11: =IF(C11="","",IFERROR(VLOOKUP(C11,'Périodicités'!$A:$B,2,FALSE),"")) | I11: =IF(OR(F11="",NOT(ISNUMBER(IF(H11<>"",H11,IFERROR(VLOOKUP(C11,'Périodicités'!$A:$C,3,FALSE),""))))),"",EDATE(F11,IF(H11<>"",H11,IFERROR(VLOOKUP(C11,'Périodicités'!$A:$C,3,FALSE),"")))) | J11: =IF(I11="","",I11-TODAY()) | K11: =IF(B11&C11="","",IF(F11="","Date à saisir",IF(I11="","Périodicité à confirmer",IF(J11<0,"En retard",IF(J11<=30,"À planifier","À jour")))))
A12: 8 | G12: =IF(C12="","",IFERROR(VLOOKUP(C12,'Périodicités'!$A:$B,2,FALSE),"")) | I12: =IF(OR(F12="",NOT(ISNUMBER(IF(H12<>"",H12,IFERROR(VLOOKUP(C12,'Périodicités'!$A:$C,3,FALSE),""))))),"",EDATE(F12,IF(H12<>"",H12,IFERROR(VLOOKUP(C12,'Périodicités'!$A:$C,3,FALSE),"")))) | J12: =IF(I12="","",I12-TODAY()) | K12: =IF(B12&C12="","",IF(F12="","Date à saisir",IF(I12="","Périodicité à confirmer",IF(J12<0,"En retard",IF(J12<=30,"À planifier","À jour")))))
A13: 9 | G13: =IF(C13="","",IFERROR(VLOOKUP(C13,'Périodicités'!$A:$B,2,FALSE),"")) | I13: =IF(OR(F13="",NOT(ISNUMBER(IF(H13<>"",H13,IFERROR(VLOOKUP(C13,'Périodicités'!$A:$C,3,FALSE),""))))),"",EDATE(F13,IF(H13<>"",H13,IFERROR(VLOOKUP(C13,'Périodicités'!$A:$C,3,FALSE),"")))) | J13: =IF(I13="","",I13-TODAY()) | K13: =IF(B13&C13="","",IF(F13="","Date à saisir",IF(I13="","Périodicité à confirmer",IF(J13<0,"En retard",IF(J13<=30,"À planifier","À jour")))))
A14: 10 | G14: =IF(C14="","",IFERROR(VLOOKUP(C14,'Périodicités'!$A:$B,2,FALSE),"")) | I14: =IF(OR(F14="",NOT(ISNUMBER(IF(H14<>"",H14,IFERROR(VLOOKUP(C14,'Périodicités'!$A:$C,3,FALSE),""))))),"",EDATE(F14,IF(H14<>"",H14,IFERROR(VLOOKUP(C14,'Périodicités'!$A:$C,3,FALSE),"")))) | J14: =IF(I14="","",I14-TODAY()) | K14: =IF(B14&C14="","",IF(F14="","Date à saisir",IF(I14="","Périodicité à confirmer",IF(J14<0,"En retard",IF(J14<=30,"À planifier","À jour")))))
A15: 11 | G15: =IF(C15="","",IFERROR(VLOOKUP(C15,'Périodicités'!$A:$B,2,FALSE),"")) | I15: =IF(OR(F15="",NOT(ISNUMBER(IF(H15<>"",H15,IFERROR(VLOOKUP(C15,'Périodicités'!$A:$C,3,FALSE),""))))),"",EDATE(F15,IF(H15<>"",H15,IFERROR(VLOOKUP(C15,'Périodicités'!$A:$C,3,FALSE),"")))) | J15: =IF(I15="","",I15-TODAY()) | K15: =IF(B15&C15="","",IF(F15="","Date à saisir",IF(I15="","Périodicité à confirmer",IF(J15<0,"En retard",IF(J15<=30,"À planifier","À jour")))))
A16: 12 | G16: =IF(C16="","",IFERROR(VLOOKUP(C16,'Périodicités'!$A:$B,2,FALSE),"")) | I16: =IF(OR(F16="",NOT(ISNUMBER(IF(H16<>"",H16,IFERROR(VLOOKUP(C16,'Périodicités'!$A:$C,3,FALSE),""))))),"",EDATE(F16,IF(H16<>"",H16,IFERROR(VLOOKUP(C16,'Périodicités'!$A:$C,3,FALSE),"")))) | J16: =IF(I16="","",I16-TODAY()) | K16: =IF(B16&C16="","",IF(F16="","Date à saisir",IF(I16="","Périodicité à confirmer",IF(J16<0,"En retard",IF(J16<=30,"À planifier","À jour")))))
A17: 13 | G17: =IF(C17="","",IFERROR(VLOOKUP(C17,'Périodicités'!$A:$B,2,FALSE),"")) | I17: =IF(OR(F17="",NOT(ISNUMBER(IF(H17<>"",H17,IFERROR(VLOOKUP(C17,'Périodicités'!$A:$C,3,FALSE),""))))),"",EDATE(F17,IF(H17<>"",H17,IFERROR(VLOOKUP(C17,'Périodicités'!$A:$C,3,FALSE),"")))) | J17: =IF(I17="","",I17-TODAY()) | K17: =IF(B17&C17="","",IF(F17="","Date à saisir",IF(I17="","Périodicité à confirmer",IF(J17<0,"En retard",IF(J17<=30,"À planifier","À jour")))))
A18: 14 | G18: =IF(C18="","",IFERROR(VLOOKUP(C18,'Périodicités'!$A:$B,2,FALSE),"")) | I18: =IF(OR(F18="",NOT(ISNUMBER(IF(H18<>"",H18,IFERROR(VLOOKUP(C18,'Périodicités'!$A:$C,3,FALSE),""))))),"",EDATE(F18,IF(H18<>"",H18,IFERROR(VLOOKUP(C18,'Périodicités'!$A:$C,3,FALSE),"")))) | J18: =IF(I18="","",I18-TODAY()) | K18: =IF(B18&C18="","",IF(F18="","Date à saisir",IF(I18="","Périodicité à confirmer",IF(J18<0,"En retard",IF(J18<=30,"À planifier","À jour")))))
A19: 15 | G19: =IF(C19="","",IFERROR(VLOOKUP(C19,'Périodicités'!$A:$B,2,FALSE),"")) | I19: =IF(OR(F19="",NOT(ISNUMBER(IF(H19<>"",H19,IFERROR(VLOOKUP(C19,'Périodicités'!$A:$C,3,FALSE),""))))),"",EDATE(F19,IF(H19<>"",H19,IFERROR(VLOOKUP(C19,'Périodicités'!$A:$C,3,FALSE),"")))) | J19: =IF(I19="","",I19-TODAY()) | K19: =IF(B19&C19="","",IF(F19="","Date à saisir",IF(I19="","Périodicité à confirmer",IF(J19<0,"En retard",IF(J19<=30,"À planifier","À jour")))))
... A204: 200 | G204: =IF(C204="","",IFERROR(VLOOKUP(C204,'Périodicités'!$A:$B,2,FALSE),"")) | I204: =IF(OR(F204="",NOT(ISNUMBER(IF(H204<>"",H204,IFERROR(VLOOKUP(C204,'Périodicités'!$A:$C,3,FALSE),""))))),"",EDATE(F204,IF(H204<>"",H204,IFERROR(VLOOKUP(C204,'Périodicités'!$A:$C,3,FALSE),"")))) | J204: =IF(I204="","",I204-TODAY()) | K204: =IF(B204&C204="","",IF(F204="","Date à saisir",IF(I204="","Périodicité à confirmer",IF(J204<0,"En retard",IF(J204<=30,"À planifier","À jour")))))

Sheet Périodicités
A1: Type d’équipement | B1: Périodicité indicative | C1: Mois (calcul) | D1: Conditions | E1: Textes de référence | F1: Fiche et sources
A2: Chariot élévateur | B2: 6 mois | C2: 6 | D2: Six mois : l’appareil figure à la liste de l’article 20-II de l’arrêté (« chariots élévateurs »), reprise par l’article 23-a. | E2: Arrêté du 1er mars 2004 relatif aux vérifications des appareils et accessoires de levage, art. 2 et annexe ; Arrêté du 1er mars 2004, art. 23 et art. 20-II ; Arrêté du 1er mars 2004, art. 22-II, art. 9 et art. 6 ; Code du travail, art. R4323-24 ; Code du travail, art. R4323-25 et R4323-26 ; Arrêté du 2 mars 2004 relatif au carnet de maintenance des appareils de levage, art. 2 ; INRS, ED 6339, Vérifications réglementaires des machines, appareils et accessoires de levage, questions 5, 7, 8 et 12 | F2: https://modele-vgp.fr/vgp/chariot-elevateur/
A3: Gerbeur | B3: 6 ou 12 mois selon le cas | C3: à confirmer | D3: Six mois si le gerbeur est traité comme un chariot élévateur de la liste de l’article 20-II ; le rapprochement des deux textes n’est pas explicite et reste à confirmer. Sinon, la périodicité de droit commun est de douze mois (art. 23). | E3: Arrêté du 1er mars 2004 relatif aux vérifications des appareils et accessoires de levage, art. 2 et annexe ; Arrêté du 1er mars 2004, art. 23 et art. 20-II ; Code du travail, art. R4323-24 ; INRS, ED 6339, Vérifications réglementaires des machines, appareils et accessoires de levage, questions 5, 7, 8 et 12 | F3: https://modele-vgp.fr/vgp/gerbeur/
A4: Nacelle (PEMP) | B4: 6 mois | C4: 6 | D4: Six mois : la liste de l’article 20-II cite les « plates-formes élévatrices mobiles de personnes », reprise par l’article 23-a. | E4: Arrêté du 1er mars 2004 relatif aux vérifications des appareils et accessoires de levage, art. 2 et annexe ; Arrêté du 1er mars 2004, art. 23 et art. 20-II ; Arrêté du 1er mars 2004, art. 22-II, art. 9 et art. 6 ; Code du travail, art. R4323-24 ; Code du travail, art. R4323-25 et R4323-26 ; INRS, ED 6339, Vérifications réglementaires des machines, appareils et accessoires de levage, questions 5, 7, 8 et 12 | F4: https://modele-vgp.fr/vgp/nacelle-pemp/
A5: Pont roulant, palan, potence | B5: 12 mois | C5: 12 | D5: Douze mois : périodicité de droit commun des appareils de levage (art. 23), l’appareil ne figurant pas à la liste de six mois de l’article 20-II. | E5: Arrêté du 1er mars 2004 relatif aux vérifications des appareils et accessoires de levage, art. 2 et annexe ; Arrêté du 1er mars 2004, art. 23 et art. 20-II ; Arrêté du 1er mars 2004, art. 22-II, art. 9 et art. 6 ; Code du travail, art. R4323-24 ; Code du travail, art. R4323-25 et R4323-26 ; Arrêté du 2 mars 2004 relatif au carnet de maintenance des appareils de levage, art. 2 ; INRS, ED 6339, Vérifications réglementaires des machines, appareils et accessoires de levage, questions 5, 7, 8 et 12 | F5: https://modele-vgp.fr/vgp/pont-roulant-palan-potence/
A6: Grue auxiliaire et grue mobile | B6: 6 mois | C6: 6 | D6: Six mois : les deux familles figurent à la liste de l’article 20-II, reprise par l’article 23-a. | E6: Arrêté du 1er mars 2004 relatif aux vérifications des appareils et accessoires de levage, art. 2 et annexe ; Arrêté du 1er mars 2004, art. 23 et art. 20-II ; Arrêté du 1er mars 2004, art. 22-II, art. 9 et art. 6 ; Code du travail, art. R4323-24 ; INRS, ED 6339, Vérifications réglementaires des machines, appareils et accessoires de levage, questions 5, 7, 8 et 12 | F6: https://modele-vgp.fr/vgp/grue-auxiliaire-et-mobile/
A7: Hayon élévateur | B7: 6 mois | C7: 6 | D7: Six mois : l’appareil figure à la liste de l’article 20-II, reprise par l’article 23-a. | E7: Arrêté du 1er mars 2004 relatif aux vérifications des appareils et accessoires de levage, art. 2 et annexe ; Arrêté du 1er mars 2004, art. 23 et art. 20-II ; Code du travail, art. R4323-24 ; INRS, ED 6339, Vérifications réglementaires des machines, appareils et accessoires de levage, questions 5, 7, 8 et 12 | F7: https://modele-vgp.fr/vgp/hayon-elevateur/
A8: Engin de chantier | B8: 12 mois (6 mois si équipé pour le levage) | C8: à confirmer | D8: Douze mois par défaut ; six mois si l’engin est équipé pour le levage (art. 20-II et art. 23-a). La configuration exacte de votre machine doit être vérifiée : elle détermine la périodicité. | E8: Arrêté du 1er mars 2004 relatif aux vérifications des appareils et accessoires de levage, art. 2 et annexe ; Arrêté du 1er mars 2004, art. 23 et art. 20-II ; Code du travail, art. R4323-24 ; INRS, ED 6339, Vérifications réglementaires des machines, appareils et accessoires de levage, questions 5, 7, 8 et 12 | F8: https://modele-vgp.fr/vgp/engins-de-chantier/
A9: Accessoires de levage | B9: 12 mois | C9: 12 | D9: Douze mois : l’article 24 soumet les accessoires de levage à une vérification périodique annuelle portant sur leur état de conservation. | E9: Arrêté du 1er mars 2004 relatif aux vérifications des appareils et accessoires de levage, art. 2 et annexe ; Arrêté du 1er mars 2004, art. 24 ; Code du travail, art. R4323-24 ; INRS, ED 6339, Vérifications réglementaires des machines, appareils et accessoires de levage, questions 5, 7, 8 et 12 | F9: https://modele-vgp.fr/vgp/accessoires-de-levage/
A11: Relevé des textes : 2026-09-21. « à confirmer » : la périodicité dépend de la configuration ; saisissez celle retenue par votre vérificateur dans la colonne H du suivi.

Sheet Mode d’emploi
A1: Tableau de suivi des VGP · modele-vgp.fr
A2: 1. Une ligne par équipement : repère, type (liste), numéro de série, emplacement.
A3: 2. Saisissez la date de la dernière VGP, relevée sur le rapport.
A4: 3. La périodicité indicative et la prochaine échéance se remplissent seules, à partir de l’onglet Périodicités.
A5: 4. Si la périodicité est « à confirmer », choisissez celle retenue par votre vérificateur (3, 6 ou 12 mois) en colonne H.
A6: 5. Le statut se met à jour chaque jour : À jour, À planifier (30 jours ou moins), En retard.
A7: 6. Notez le numéro du rapport et les réserves à lever : filtrez la colonne « Réserves » pour les suivre.
A9: Bon à savoir
A10: Les périodicités viennent de l’arrêté du 1er mars 2004, citées article par article dans l’onglet Périodicités et sur chaque fiche du site.
A11: Le tableau organise votre suivi ; le texte applicable et le vérificateur restent la référence pour chaque équipement.
A12: Pensez à ranger chaque rapport avec le registre de sécurité : modèle gratuit sur le site.
A13: https://modele-vgp.fr/modeles/registre-securite-vgp/
... A20: https://modele-vgp.fr/devis/
